sku_site,sku_catalogo,status_match,tipo_match,imagem_encontrada,produto_ja_existe_no_site,precisa_cadastrar,precisa_vincular_imagem,precisa_revisao_manual,observacao,site_name,site_catalog_type,current_image_url,catalog_image_url,catalog_files,catalog_source_labels,catalog_entries_count,catalog_safe_single_image,pdf_encontrado,fonte_validacao
895B,895B,grupo_b_vincular_imagem,exato,True,True,False,True,False,SKU identico no catalogo e no site.,Fone de Ouvido 895B,CAIXA_FECHADA,produto_p16_img2.jpg,/imported-product-images-clean/895B.png,895B.png,895B,1,True,True,site+catalogo+pdf
A-05-TYPE-C,,grupo_d_revisao_manual,sem_match,False,True,False,False,True,SKU do site sem correspondencia segura no catalogo/imagens.,Carregador completo Tipo C,UNITARIO,https://rocglobeaztnwwuhefel.supabase.co/storage/v1/object/public/images/products/1775069154346-z3umy5.webp,,,,0,False,False,site
A-07,A-07,grupo_b_vincular_imagem,exato,True,True,False,True,False,SKU identico no catalogo e no site.,Fone de Ouvido P2 A-07,CAIXA_FECHADA,produto_p14_img7.jpg,/imported-product-images-clean/A-07.png,A-07.png,A-07,1,True,True,site+catalogo+pdf
A-169,A-169,grupo_b_vincular_imagem,exato,True,True,False,True,False,SKU identico no catalogo e no site.,Fone de Ouvido A-169,CAIXA_FECHADA,produto_p15_img5.jpg,/imported-product-images-clean/A-169.png,A-169.png,A-169,1,True,True,site+catalogo+pdf
A-2019,A-2019,grupo_b_vincular_imagem,exato,True,True,False,True,False,SKU identico no catalogo e no site.,Rádio A-2019,CAIXA_FECHADA,produto_p11_img8.jpg,/imported-product-images-clean/A-2019.png,A-2019.png,A-2019,1,True,True,site+catalogo+pdf
A-286,A-286,grupo_b_vincular_imagem,exato,True,True,False,True,False,SKU identico no catalogo e no site.,Fone de Ouvido A-286,CAIXA_FECHADA,produto_p18_img5.jpg,/imported-product-images-clean/A-286.png,A-286.png,A-286,1,True,True,site+catalogo+pdf
A-331,A-331,grupo_b_vincular_imagem,exato,True,True,False,True,False,SKU identico no catalogo e no site.,Fone de Ouvido A-331,CAIXA_FECHADA,produto_p15_img7.jpg,/imported-product-images-clean/A-331.png,A-331.png,A-331,1,True,True,site+catalogo+pdf
A-388,A-388,grupo_b_vincular_imagem,exato,True,True,False,True,False,SKU identico no catalogo e no site.,Fone de Ouvido A-388,CAIXA_FECHADA,produto_p16_img7.jpg,/imported-product-images-clean/A-388.png,A-388.png,A-388,1,True,True,site+catalogo+pdf
A-505,A-505,grupo_b_vincular_imagem,exato,True,True,False,True,False,SKU identico no catalogo e no site.,Fone de Ouvido A-505,CAIXA_FECHADA,produto_p17_img8.jpg,/imported-product-images-clean/A-505.png,A-505.png,A-505,1,True,True,site+catalogo+pdf
A-607,A-607,grupo_b_vincular_imagem,exato,True,True,False,True,False,SKU identico no catalogo e no site.,Fone de Ouvido Gamer A-607,CAIXA_FECHADA,produto_p15_img6.jpg,/imported-product-images-clean/A-607.png,A-607.png,A-607,1,True,True,site+catalogo+pdf
A-607-A,A-607-A,grupo_b_vincular_imagem,exato,True,True,False,True,False,SKU identico no catalogo e no site.,Fone de Ouvido Gamer RGB A-607 A,CAIXA_FECHADA,produto_p18_img1.jpg,/imported-product-images-clean/A-607_A款.png,A-607_A款.png,A-607 A款,1,True,True,site+catalogo+pdf
A-607-F9,A-607-F9,grupo_b_vincular_imagem,exato,True,True,False,True,False,SKU identico no catalogo e no site.,Fone de Ouvido A-607 F9,CAIXA_FECHADA,produto_p17_img10.jpg,/imported-product-images-clean/A-607_F9款.png,A-607_F9款.png,A-607 F9款,1,True,True,site+catalogo+pdf
A-607-M10,A-607-M10,grupo_b_vincular_imagem,exato,True,True,False,True,False,SKU identico no catalogo e no site.,Fone de Ouvido A-607 M10,CAIXA_FECHADA,produto_p14_img10.jpg,/imported-product-images-clean/A-607(M10).png,A-607(M10).png,A-607(M10),1,True,True,site+catalogo+pdf
A-607-MAX,A-607-MAX,grupo_b_vincular_imagem,exato,True,True,False,True,False,SKU identico no catalogo e no site.,Fone de Ouvido com Caixa de Som A-607 MAX,CAIXA_FECHADA,produto_p16_img1.jpg,/imported-product-images-clean/A-607_MAX.png,A-607_MAX.png,A-607 MAX,1,True,True,site+catalogo+pdf
A-607-P,A-607-P,grupo_b_vincular_imagem,exato,True,True,False,True,False,SKU identico no catalogo e no site.,Fone de Ouvido A-607 P,CAIXA_FECHADA,produto_p16_img10.jpg,/imported-product-images-clean/A-607_P款.png,A-607_P款.png,A-607 P款,1,True,True,site+catalogo+pdf
A-607-Q,A-607-Q,grupo_d_revisao_manual,exato,True,True,False,False,True,SKU identico no catalogo e no site. Catalogo tem multiplos arquivos para o mesmo SKU normalizado; nao e seguro vincular automaticamente.,Fone de Ouvido A-607 Q,CAIXA_FECHADA,produto_p17_img1.jpg,/imported-product-images-clean/A-607_Q款.png,A-607_Q款.png|A-607_Q款_马卡龙.png,A-607 Q款|A-607 Q款 马卡龙,3,False,True,site+catalogo+pdf
A-607-Q-MC,A-607-Q,grupo_d_revisao_manual,provavel,True,True,False,False,True,Alias provavel por variante/sufixo; exige revisao manual. Catalogo tem multiplos arquivos para o mesmo SKU normalizado; nao e seguro vincular automaticamente.,Fone de Ouvido A-607 Q Macaron,CAIXA_FECHADA,produto_p18_img2.jpg,/imported-product-images-clean/A-607_Q款.png,A-607_Q款.png|A-607_Q款_马卡龙.png,A-607 Q款|A-607 Q款 马卡龙,3,False,True,site+catalogo+pdf
A-607-T,A-607-T,grupo_b_vincular_imagem,exato,True,True,False,True,False,SKU identico no catalogo e no site.,Fone de Ouvido A-607 T,CAIXA_FECHADA,produto_p15_img9.jpg,/imported-product-images-clean/A-607_T款.png,A-607_T款.png,A-607 T款,1,True,True,site+catalogo+pdf
A-607-W,A-607-W,grupo_b_vincular_imagem,exato,True,True,False,True,False,SKU identico no catalogo e no site.,Fone de Ouvido A-607 W com Powerbank,CAIXA_FECHADA,produto_p2_img7.jpg,/imported-product-images-clean/A-607_W款.png,A-607_W款.png,A-607 W款,2,True,True,site+catalogo+pdf
A-607-W-PB,A-607-W,grupo_d_revisao_manual,provavel,True,True,False,False,True,Alias provavel por variante/sufixo; exige revisao manual.,Fone de Ouvido A-607 W com Powerbank,CAIXA_FECHADA,produto_p18_img3.jpg,/imported-product-images-clean/A-607_W款.png,A-607_W款.png,A-607 W款,2,True,True,site+catalogo+pdf
A-607-X,A-607-X,grupo_b_vincular_imagem,exato,True,True,False,True,False,SKU identico no catalogo e no site.,Fone de Ouvido A-607 X,CAIXA_FECHADA,produto_p15_img10.jpg,/imported-product-images-clean/A-607_X款.png,A-607_X款.png,A-607 X款,1,True,True,site+catalogo+pdf
A-607-Y,A-607-Y,grupo_b_vincular_imagem,exato,True,True,False,True,False,SKU identico no catalogo e no site.,Fone de Ouvido A-607 Y,CAIXA_FECHADA,produto_p2_img8.jpg,/imported-product-images-clean/A-607_Y款.png,A-607_Y款.png,A-607 Y款,2,True,True,site+catalogo+pdf
A-607-Y-2,A-607-Y,grupo_d_revisao_manual,provavel,True,True,False,False,True,Alias provavel por variante/sufixo; exige revisao manual.,Fone de Ouvido A-607 Y,CAIXA_FECHADA,produto_p18_img4.jpg,/imported-product-images-clean/A-607_Y款.png,A-607_Y款.png,A-607 Y款,2,True,True,site+catalogo+pdf
A-609,A-609,grupo_b_vincular_imagem,exato,True,True,False,True,False,SKU identico no catalogo e no site.,Fone de Ouvido A-609,CAIXA_FECHADA,produto_p16_img5.jpg,/imported-product-images-clean/A-609.png,A-609.png,A-609,1,True,True,site+catalogo+pdf
A-686,A-686,grupo_b_vincular_imagem,exato,True,True,False,True,False,SKU identico no catalogo e no site.,Fone de Ouvido A-686,CAIXA_FECHADA,produto_p17_img5.jpg,/imported-product-images-clean/A-686.png,A-686.png,A-686,1,True,True,site+catalogo+pdf
A-707,A-707,grupo_b_vincular_imagem,exato,True,True,False,True,False,SKU identico no catalogo e no site.,Fone de Ouvido Tipo IP A-707,CAIXA_FECHADA,produto_p12_img8.jpg,/imported-product-images-clean/A-707.png,A-707.png,A-707,1,True,True,site+catalogo+pdf
A-708,A-708,grupo_b_vincular_imagem,exato,True,True,False,True,False,SKU identico no catalogo e no site.,Fone de Ouvido Silicone A-708,CAIXA_FECHADA,produto_p13_img1.jpg,/imported-product-images-clean/A-708.png,A-708.png,A-708,1,True,True,site+catalogo+pdf
A-808-5G,A-808-5G,grupo_b_vincular_imagem,exato,True,True,False,True,False,SKU identico no catalogo e no site.,Fone de Ouvido Tipo IP A-808-5G,CAIXA_FECHADA,produto_p12_img7.jpg,/imported-product-images-clean/A-808-5G.png,A-808-5G.png,A-808-5G,1,True,True,site+catalogo+pdf
A-905-5G,A-905-5G,grupo_b_vincular_imagem,exato,True,True,False,True,False,SKU identico no catalogo e no site.,Fone de Ouvido IP A-905-5G,CAIXA_FECHADA,produto_p13_img6.jpg,/imported-product-images-clean/A-905-5G.png,A-905-5G.png,A-905-5G,1,True,True,site+catalogo+pdf
A-908,A-908,grupo_b_vincular_imagem,exato,True,True,False,True,False,SKU identico no catalogo e no site.,Fone de Ouvido P2 A-908,CAIXA_FECHADA,produto_p13_img7.jpg,/imported-product-images-clean/A-908.png,A-908.png,A-908,1,True,True,site+catalogo+pdf
A-908-5G,A-908-5G,grupo_b_vincular_imagem,exato,True,True,False,True,False,SKU identico no catalogo e no site.,Fone de Ouvido Tipo IP A-908-5G,CAIXA_FECHADA,produto_p13_img8.jpg,/imported-product-images-clean/A-908-5G.png,A-908-5G.png,A-908-5G,1,True,True,site+catalogo+pdf
A-918-TY,A-918-TY,grupo_b_vincular_imagem,exato,True,True,False,True,False,SKU identico no catalogo e no site.,Fone de Ouvido Tipo C A-918-TY,CAIXA_FECHADA,produto_p12_img3.jpg,/imported-product-images-clean/A-918-TY.png,A-918-TY.png,A-918-TY,1,True,True,site+catalogo+pdf
A-FN06,A-FN06,grupo_b_vincular_imagem,exato,True,True,False,True,False,SKU identico no catalogo e no site.,Fone de Ouvido P2 A-FN06,CAIXA_FECHADA,produto_p12_img4.jpg,/imported-product-images-clean/A-FN06.png,A-FN06.png,A-FN06,1,True,True,site+catalogo+pdf
A-P12,A-P12,grupo_b_vincular_imagem,exato,True,True,False,True,False,SKU identico no catalogo e no site.,Ponteiro Laser A-P12,CAIXA_FECHADA,produto_p7_img2.jpg,/imported-product-images-clean/A-P12.png,A-P12.png,A-P12,1,True,True,site+catalogo+pdf
A-W3,A-W3,grupo_b_vincular_imagem,exato,True,True,False,True,False,SKU identico no catalogo e no site.,Fone de Ouvido A-W3,CAIXA_FECHADA,produto_p18_img6.jpg,/imported-product-images-clean/A-W3.png,A-W3.png,A-W3,1,True,True,site+catalogo+pdf
AD-1088,AD-1088,grupo_b_vincular_imagem,exato,True,True,False,True,False,SKU identico no catalogo e no site.,Rádio BT Retrô 9 Bandas AD-1088,CAIXA_FECHADA,produto_p10_img7.jpg,/imported-product-images-clean/AD-1088.png,AD-1088.png,AD-1088,1,True,True,site+catalogo+pdf
AD-137,AD-137,grupo_b_vincular_imagem,exato,True,True,False,True,False,SKU identico no catalogo e no site.,Rádio Bluetooth AD-137,CAIXA_FECHADA,produto_p11_img4.jpg,/imported-product-images-clean/AD-137.png,AD-137.png,AD-137,1,True,True,site+catalogo+pdf
AD-190,AD-190,grupo_b_vincular_imagem,exato,True,True,False,True,False,SKU identico no catalogo e no site.,Rádio 3 Bandas AD-190,CAIXA_FECHADA,produto_p11_img3.jpg,/imported-product-images-clean/AD-190.png,AD-190.png,AD-190,1,True,True,site+catalogo+pdf
AD-230,AD-230,grupo_b_vincular_imagem,exato,True,True,False,True,False,SKU identico no catalogo e no site.,Rádio AD-230,CAIXA_FECHADA,produto_p10_img5.jpg,/imported-product-images-clean/AD-230.png,AD-230.png,AD-230,1,True,True,site+catalogo+pdf
AD-231,AD-231,grupo_b_vincular_imagem,exato,True,True,False,True,False,SKU identico no catalogo e no site.,Rádio AD-231,CAIXA_FECHADA,produto_p10_img6.jpg,/imported-product-images-clean/AD-231.png,AD-231.png,AD-231,1,True,True,site+catalogo+pdf
AD-3088,AD-3088,grupo_b_vincular_imagem,exato,True,True,False,True,False,SKU identico no catalogo e no site.,Rádio Retro 3 Bandas AD-3088,CAIXA_FECHADA,produto_p11_img1.jpg,/imported-product-images-clean/AD-3088.png,AD-3088.png,AD-3088,1,True,True,site+catalogo+pdf
AD-3099,AD-3099,grupo_b_vincular_imagem,exato,True,True,False,True,False,SKU identico no catalogo e no site.,Rádio Retro 3 Bandas AD-3099,CAIXA_FECHADA,produto_p11_img2.jpg,/imported-product-images-clean/AD-3099.png,AD-3099.png,AD-3099,2,True,True,site+catalogo+pdf
AD-3188,AD-3188,grupo_b_vincular_imagem,exato,True,True,False,True,False,SKU identico no catalogo e no site.,Rádio Bluetooth AD-3188,CAIXA_FECHADA,produto_p10_img8.jpg,/imported-product-images-clean/AD-3188.png,AD-3188.png,AD-3188,1,True,True,site+catalogo+pdf
AD-3199,AD-3199,grupo_b_vincular_imagem,exato,True,True,False,True,False,SKU identico no catalogo e no site.,Rádio BT Retrô 3 Bandas AD-3199,CAIXA_FECHADA,produto_p10_img9.jpg,/imported-product-images-clean/AD-3199.png,AD-3199.png,AD-3199,1,True,True,site+catalogo+pdf
AD-520,AD-520,grupo_b_vincular_imagem,exato,True,True,False,True,False,SKU identico no catalogo e no site.,Relógio Despertador AD-520,CAIXA_FECHADA,produto_p11_img7.jpg,/imported-product-images-clean/AD-520.png,AD-520.png,AD-520,1,True,True,site+catalogo+pdf
AD-6080,AD-6080,grupo_b_vincular_imagem,exato,True,True,False,True,False,SKU identico no catalogo e no site.,Rádio 3 Bandas AD-6080,CAIXA_FECHADA,produto_p10_img4.jpg,/imported-product-images-clean/AD-6080.png,AD-6080.png,AD-6080,1,True,True,site+catalogo+pdf
AD-8077,AD-8077,grupo_b_vincular_imagem,exato,True,True,False,True,False,SKU identico no catalogo e no site.,Rádio Bluetooth AD-8077,CAIXA_FECHADA,produto_p11_img6.jpg,/imported-product-images-clean/AD-8077.png,AD-8077.png,AD-8077,1,True,True,site+catalogo+pdf
AD-8099,AD-8099,grupo_b_vincular_imagem,exato,True,True,False,True,False,SKU identico no catalogo e no site.,Rádio Bluetooth AD-8099,CAIXA_FECHADA,produto_p11_img5.jpg,/imported-product-images-clean/AD-8099.png,AD-8099.png,AD-8099,1,True,True,site+catalogo+pdf
AD-8106,AD-8106,grupo_b_vincular_imagem,exato,True,True,False,True,False,SKU identico no catalogo e no site.,Rádio Bluetooth AD-8106,CAIXA_FECHADA,produto_p10_img1.jpg,/imported-product-images-clean/AD-8106.png,AD-8106.png,AD-8106,1,True,True,site+catalogo+pdf
AD-8399,AD-8399,grupo_b_vincular_imagem,exato,True,True,False,True,False,SKU identico no catalogo e no site.,Rádio Bluetooth AD-8399,CAIXA_FECHADA,produto_p9_img1.jpg,/imported-product-images-clean/AD-8399.png,AD-8399.png,AD-8399,1,True,True,site+catalogo+pdf
AD-8528,AD-8528,grupo_b_vincular_imagem,exato,True,True,False,True,False,SKU identico no catalogo e no site.,Rádio 3 Bandas AD-8528,CAIXA_FECHADA,produto_p9_img2.jpg,/imported-product-images-clean/AD-8528.png,AD-8528.png,AD-8528,1,True,True,site+catalogo+pdf
AD-8529,AD-8529,grupo_b_vincular_imagem,exato,True,True,False,True,False,SKU identico no catalogo e no site.,Rádio 3 Bandas AD-8529,CAIXA_FECHADA,produto_p9_img3.jpg,/imported-product-images-clean/AD-8529.png,AD-8529.png,AD-8529,1,True,True,site+catalogo+pdf
AG-690,AG-690,grupo_b_vincular_imagem,exato,True,True,False,True,False,SKU identico no catalogo e no site.,Mouse Sem Fio AG-690,CAIXA_FECHADA,produto_p3_img5.jpg,/imported-product-images-clean/AG-690_B款.png,AG-690_B款.png,AG-690 B款,1,True,True,site+catalogo+pdf
AG-690-C,,grupo_d_revisao_manual,sem_match,False,True,False,False,True,SKU do site sem correspondencia segura no catalogo/imagens.,Mouse sem fio,UNITARIO,https://rocglobeaztnwwuhefel.supabase.co/storage/v1/object/public/images/products/1774804145232-f5yki.jpg,,,,0,False,False,site
AL-036,AL-036,grupo_b_vincular_imagem,exato,True,True,False,True,False,SKU identico no catalogo e no site.,Carregador e Bateria 360 AL-036,CAIXA_FECHADA,produto_p7_img1.jpg,/imported-product-images-clean/AL-036.png,AL-036.png,AL-036,1,True,True,site+catalogo+pdf
AL-1050,AL-1050,grupo_b_vincular_imagem,exato,True,True,False,True,False,SKU identico no catalogo e no site.,Mini Laser EMB AL-1050,CAIXA_FECHADA,produto_p4_img1.jpg,/imported-product-images-clean/AL-1050.png,AL-1050.png,AL-1050,1,True,True,site+catalogo+pdf
AL-15-CC,,grupo_d_revisao_manual,sem_match,False,True,False,False,True,SKU do site sem correspondencia segura no catalogo/imagens.,Cabo USB-C CC altomex,UNITARIO,https://rocglobeaztnwwuhefel.supabase.co/storage/v1/object/public/images/products/1775072037099-g6bcg.jpeg,,,,0,False,False,site
AL-15-TY,AL-15-TY,grupo_b_vincular_imagem,exato,True,True,False,True,False,SKU identico no catalogo e no site.,Fone de Ouvido Tipo C AL-15-TY,CAIXA_FECHADA,produto_p13_img5.jpg,/imported-product-images-clean/AL-15-TY.png,AL-15-TY.png,AL-15-TY,1,True,True,site+catalogo+pdf
AL-2336,AL-2336,grupo_b_vincular_imagem,exato,True,True,False,True,False,SKU identico no catalogo e no site.,Aparador de Cabelo AL-2336,CAIXA_FECHADA,produto_p4_img8.jpg,/imported-product-images-clean/AL-2336.png,AL-2336.png,AL-2336,1,True,True,site+catalogo+pdf
AL-2656,AL-2656,grupo_b_vincular_imagem,exato,True,True,False,True,False,SKU identico no catalogo e no site.,Display Digital AL-2656,CAIXA_FECHADA,produto_p4_img2.jpg,/imported-product-images-clean/AL-2656.png,AL-2656.png,AL-2656,1,True,True,site+catalogo+pdf
AL-2667,AL-2667,grupo_b_vincular_imagem,exato,True,True,False,True,False,SKU identico no catalogo e no site.,Máquina de Cortar Cabelo AL-2667,CAIXA_FECHADA,produto_p4_img6.jpg,/imported-product-images-clean/AL-2667.png,AL-2667.png,AL-2667,1,True,True,site+catalogo+pdf
AL-2669,AL-2669,grupo_b_vincular_imagem,exato,True,True,False,True,False,SKU identico no catalogo e no site.,Produto AL-2669,CAIXA_FECHADA,produto_p8_img2.jpg,/imported-product-images-clean/AL-2669.png,AL-2669.png,AL-2669,1,True,True,site+catalogo+pdf
AL-2743,AL-2743,grupo_b_vincular_imagem,exato,True,True,False,True,False,SKU identico no catalogo e no site.,Rádio AL-2743,CAIXA_FECHADA,produto_p2_img2.jpg,/imported-product-images-clean/AL-2743_B款.png,AL-2743_B款.png,AL-2743 B款,1,True,True,site+catalogo+pdf
AL-305-V8,,grupo_d_revisao_manual,sem_match,False,True,False,False,True,SKU do site sem correspondencia segura no catalogo/imagens.,Cabo V8 Altomex,UNITARIO,https://rocglobeaztnwwuhefel.supabase.co/storage/v1/object/public/images/products/1774804470777-wb282i.jpg,,,,0,False,False,site
AL-306-5G,,grupo_d_revisao_manual,sem_match,False,True,False,False,True,SKU do site sem correspondencia segura no catalogo/imagens.,Cabo IOS 2 METROS,UNITARIO,https://rocglobeaztnwwuhefel.supabase.co/storage/v1/object/public/images/products/1774804272041-j6623x.jpg,,,,0,False,False,site
AL-3699,AL-3699,grupo_b_vincular_imagem,exato,True,True,False,True,False,SKU identico no catalogo e no site.,Rádio Bluetooth RGB AL-3699,CAIXA_FECHADA,produto_p10_img10.jpg,/imported-product-images-clean/AL-3699.png,AL-3699.png,AL-3699,1,True,True,site+catalogo+pdf
AL-3829,AL-3829,grupo_b_vincular_imagem,exato,True,True,False,True,False,SKU identico no catalogo e no site.,Caixa de Som AL-3829,CAIXA_FECHADA,produto_p3_img4.jpg,/imported-product-images-clean/AL-3829.png,AL-3829.png,AL-3829,1,True,True,site+catalogo+pdf
AL-3916,AL-3916,grupo_b_vincular_imagem,exato,True,True,False,True,False,SKU identico no catalogo e no site.,Máquina de Barbear Dragão AL-3916,CAIXA_FECHADA,produto_p4_img5.jpg,/imported-product-images-clean/AL-3916.png,AL-3916.png,AL-3916,1,True,True,site+catalogo+pdf
AL-3936,AL-3936,grupo_b_vincular_imagem,exato,True,True,False,True,False,SKU identico no catalogo e no site.,Aparador de Cabelo AL-3936,CAIXA_FECHADA,produto_p4_img7.jpg,/imported-product-images-clean/AL-3936.png,AL-3936.png,AL-3936,1,True,True,site+catalogo+pdf
AL-5G,AL-5G,grupo_b_vincular_imagem,exato,True,True,False,True,False,SKU identico no catalogo e no site.,Fone P2 EMB AL-5G,CAIXA_FECHADA,produto_p14_img8.jpg,/imported-product-images-clean/AL-5G.png,AL-5G.png,AL-5G,1,True,True,site+catalogo+pdf
AL-7A,AL-7A,grupo_b_vincular_imagem,exato,True,True,False,True,False,SKU identico no catalogo e no site.,Fone de Ouvido Silicone AL-7A,CAIXA_FECHADA,produto_p13_img4.jpg,/imported-product-images-clean/AL-7A.png,AL-7A.png,AL-7A,1,True,True,site+catalogo+pdf
AL-8391,AL-8391,grupo_b_vincular_imagem,exato,True,True,False,True,False,SKU identico no catalogo e no site.,Caixa de Som 50W AL-8391,CAIXA_FECHADA,produto_p3_img3.jpg,/imported-product-images-clean/AL-8391_B款.png,AL-8391_B款.png,AL-8391 B款,1,True,True,site+catalogo+pdf
AL-8816-TY,AL-8816-TY,grupo_b_vincular_imagem,exato,True,True,False,True,False,SKU identico no catalogo e no site.,Fone de Ouvido AL-8816-TY,CAIXA_FECHADA,produto_p12_img5.jpg,/imported-product-images-clean/AL-8816-TY.png,AL-8816-TY.png,AL-8816-TY,1,True,True,site+catalogo+pdf
AL-8817-5G,AL-8817-5G,grupo_b_vincular_imagem,exato,True,True,False,True,False,SKU identico no catalogo e no site.,Fone de Ouvido AL-8817-5G,CAIXA_FECHADA,produto_p12_img6.jpg,/imported-product-images-clean/AL-8817-5G.png,AL-8817-5G.png,AL-8817-5G,1,True,True,site+catalogo+pdf
AL-B5207,AL-B5207,grupo_b_vincular_imagem,exato,True,True,False,True,False,SKU identico no catalogo e no site.,Lanterna LED AL-B5207,CAIXA_FECHADA,produto_p5_img3.jpg,/imported-product-images-clean/AL-B5207.png,AL-B5207.png,AL-B5207,1,True,True,site+catalogo+pdf
AL-B7760,AL-B7760,grupo_b_vincular_imagem,exato,True,True,False,True,False,SKU identico no catalogo e no site.,Isqueiro Elétrico AL-B7760,CAIXA_FECHADA,produto_p5_img5.jpg,/imported-product-images-clean/AL-B7760.png,AL-B7760.png,AL-B7760,1,True,True,site+catalogo+pdf
AL-B9001,AL-B9001,grupo_b_vincular_imagem,exato,True,True,False,True,False,SKU identico no catalogo e no site.,Lanterna Tática X900 AL-B9001,CAIXA_FECHADA,produto_p5_img2.jpg,/imported-product-images-clean/AL-B9001.png,AL-B9001.png,AL-B9001,1,True,True,site+catalogo+pdf
AL-BB20,AL-BB20,grupo_b_vincular_imagem,exato,True,True,False,True,False,SKU identico no catalogo e no site.,Display Digital AL-BB20,CAIXA_FECHADA,produto_p4_img3.jpg,/imported-product-images-clean/AL-BB20.png,AL-BB20.png,AL-BB20,1,True,True,site+catalogo+pdf
AL-C91-TYPE-C,,grupo_d_revisao_manual,sem_match,False,True,False,False,True,SKU do site sem correspondencia segura no catalogo/imagens.,Carregador Veicular AL-C91-TYPE-C,UNITARIO,https://rocglobeaztnwwuhefel.supabase.co/storage/v1/object/public/images/products/1774804226784-o2dpde.jpg,,,,0,False,False,site
AL-E13,AL-E13,grupo_b_vincular_imagem,exato,True,True,False,True,False,SKU identico no catalogo e no site.,Fone de Ouvido P2 AL-E13,CAIXA_FECHADA,produto_p14_img1.jpg,/imported-product-images-clean/AL-E13.png,AL-E13.png,AL-E13,1,True,True,site+catalogo+pdf
AL-E16,AL-E16,grupo_b_vincular_imagem,exato,True,True,False,True,False,SKU identico no catalogo e no site.,Fone de Ouvido P2 AL-E16,CAIXA_FECHADA,produto_p14_img2.jpg,/imported-product-images-clean/AL-E16.png,AL-E16.png,AL-E16,1,True,True,site+catalogo+pdf
AL-E17,AL-E17,grupo_b_vincular_imagem,exato,True,True,False,True,False,SKU identico no catalogo e no site.,Fone de Ouvido P2 AL-E17,CAIXA_FECHADA,produto_p14_img3.jpg,/imported-product-images-clean/AL-E17.png,AL-E17.png,AL-E17,1,True,True,site+catalogo+pdf
AL-HDMI-10M,,grupo_d_revisao_manual,sem_match,False,True,False,False,True,SKU do site sem correspondencia segura no catalogo/imagens.,Cabo HDMI 10 METROS,UNITARIO,https://rocglobeaztnwwuhefel.supabase.co/storage/v1/object/public/images/products/1774804061047-q7l4xd.jpg,,,,0,False,False,site
AL-L50,AL-L50,grupo_b_vincular_imagem,exato,True,True,False,True,False,SKU identico no catalogo e no site.,Lanterna AL-L50,CAIXA_FECHADA,produto_p5_img4.jpg,/imported-product-images-clean/AL-L50-灯.png,AL-L50-灯.png,AL-L50-灯,1,True,True,site+catalogo+pdf
AL-P9,AL-P9,grupo_b_vincular_imagem,exato,True,True,False,True,False,SKU identico no catalogo e no site.,Headset AL-P9,CAIXA_FECHADA,produto_p3_img2.jpg,/imported-product-images-clean/AL-P9.png,AL-P9.png,AL-P9,1,True,True,site+catalogo+pdf
AL-T2,AL-T2,grupo_b_vincular_imagem,exato,True,True,False,True,False,SKU identico no catalogo e no site.,Fone de Ouvido P2 AL-T2,CAIXA_FECHADA,produto_p13_img9.jpg,/imported-product-images-clean/AL-T2.png,AL-T2.png,AL-T2,1,True,True,site+catalogo+pdf
AL-T3,AL-T3,grupo_b_vincular_imagem,exato,True,True,False,True,False,SKU identico no catalogo e no site.,Fone de Ouvido P2 AL-T3,CAIXA_FECHADA,produto_p13_img10.jpg,/imported-product-images-clean/AL-T3.png,AL-T3.png,AL-T3,1,True,True,site+catalogo+pdf
AL-U-32,,grupo_d_revisao_manual,sem_match,False,True,False,False,True,SKU do site sem correspondencia segura no catalogo/imagens.,PENDRIVE AL-U-32GB,UNITARIO,https://rocglobeaztnwwuhefel.supabase.co/storage/v1/object/public/images/products/1775072515143-t6x649.jpeg,,,,0,False,False,site
AL-X7,AL-X7,grupo_b_vincular_imagem,exato,True,True,False,True,False,SKU identico no catalogo e no site.,Fone de Ouvido Silicone AL-X7,CAIXA_FECHADA,produto_p13_img3.jpg,/imported-product-images-clean/AL-X7.png,AL-X7.png,AL-X7,1,True,True,site+catalogo+pdf
AL-ZP33,AL-ZP33,grupo_b_vincular_imagem,exato,True,True,False,True,False,SKU identico no catalogo e no site.,Suporte para Celular AL-ZP33,CAIXA_FECHADA,produto_p5_img8.jpg,/imported-product-images-clean/AL-ZP33.png,AL-ZP33.png,AL-ZP33,1,True,True,site+catalogo+pdf
C-052,,grupo_d_revisao_manual,sem_match,False,True,False,False,True,SKU do site sem correspondencia segura no catalogo/imagens.,Suporte TV C-052,UNITARIO,https://rocglobeaztnwwuhefel.supabase.co/storage/v1/object/public/images/products/1774804122006-tvjuzq.jpg,,,,0,False,False,site
C-231,C-231,grupo_b_vincular_imagem,exato,True,True,False,True,False,SKU identico no catalogo e no site.,Suporte para TV 32-55 C-231,CAIXA_FECHADA,produto_p5_img6.jpg,/imported-product-images-clean/C-231.png,C-231.png,C-231,1,True,True,site+catalogo+pdf
C-233,C-233,grupo_b_vincular_imagem,exato,True,True,False,True,False,SKU identico no catalogo e no site.,Suporte para TV 14-42 C-233,CAIXA_FECHADA,produto_p5_img7.jpg,/imported-product-images-clean/C-233.png,C-233.png,C-233,1,True,True,site+catalogo+pdf
EL-3111-5G,,grupo_d_revisao_manual,sem_match,False,True,False,False,True,SKU do site sem correspondencia segura no catalogo/imagens.,Cabo IOS 1M EL-3111-5G,UNITARIO,https://rocglobeaztnwwuhefel.supabase.co/storage/v1/object/public/images/products/1774804382616-mwg8xe.jpg,,,,0,False,False,site
EL-3111-CC,,grupo_d_revisao_manual,sem_match,False,True,False,False,True,SKU do site sem correspondencia segura no catalogo/imagens.,Cabo USB-C tipo c / tipo c,UNITARIO,https://rocglobeaztnwwuhefel.supabase.co/storage/v1/object/public/images/products/1774804427378-0pbs6y.jpg,,,,0,False,False,site
EL-3111-TY,,grupo_d_revisao_manual,sem_match,False,True,False,False,True,SKU do site sem correspondencia segura no catalogo/imagens.,Cabo USB Tipo C Eletro,UNITARIO,https://rocglobeaztnwwuhefel.supabase.co/storage/v1/object/public/images/products/1775069687823-9crgw.webp,,,,0,False,False,site
EL-3111-V8,,grupo_d_revisao_manual,sem_match,False,True,False,False,True,SKU do site sem correspondencia segura no catalogo/imagens.,Cabo V8 EL-3111-V8,UNITARIO,https://rocglobeaztnwwuhefel.supabase.co/storage/v1/object/public/images/products/1774804450588-ui4e52.jpg,,,,0,False,False,site
F-060,F-060,grupo_d_revisao_manual,exato,True,True,False,False,True,SKU identico no catalogo e no site. Catalogo tem multiplos arquivos para o mesmo SKU normalizado; nao e seguro vincular automaticamente.,Fone de Ouvido Sem Fio P2 F-060,CAIXA_FECHADA,produto_p14_img4.jpg,/imported-product-images-clean/F-060.png,F-060.png|F-060黑白.png,F-060|F-060黑白,2,False,True,site+catalogo+pdf
F-060-BW,F-060,grupo_d_revisao_manual,provavel,True,True,False,False,True,Alias provavel por variante/sufixo; exige revisao manual. Catalogo tem multiplos arquivos para o mesmo SKU normalizado; nao e seguro vincular automaticamente.,Fone P2 EMB F-060,CAIXA_FECHADA,produto_p14_img5.jpg,/imported-product-images-clean/F-060.png,F-060.png|F-060黑白.png,F-060|F-060黑白,2,False,True,site+catalogo+pdf
F-070,F-070,grupo_b_vincular_imagem,exato,True,True,False,True,False,SKU identico no catalogo e no site.,Fone de Ouvido P2 F-070,CAIXA_FECHADA,produto_p14_img6.jpg,/imported-product-images-clean/F-070.png,F-070.png,F-070,1,True,True,site+catalogo+pdf
G9S,G9S,grupo_b_vincular_imagem,exato,True,True,False,True,False,SKU identico no catalogo e no site.,Fone de Ouvido G9S,CAIXA_FECHADA,produto_p17_img9.jpg,/imported-product-images-clean/G9S.png,G9S.png,G9S,1,True,True,site+catalogo+pdf
I11,I11,grupo_b_vincular_imagem,exato,True,True,False,True,False,SKU identico no catalogo e no site.,Fone de Ouvido i11,CAIXA_FECHADA,produto_p15_img2.jpg,/imported-product-images-clean/i11.png,i11.png,i11,2,True,True,site+catalogo+pdf
I12,I12,grupo_b_vincular_imagem,exato,True,True,False,True,False,SKU identico no catalogo e no site.,Fone de Ouvido i12,CAIXA_FECHADA,produto_p15_img1.jpg,/imported-product-images-clean/i12(马卡龙).png,i12(马卡龙).png,i12(马卡龙),1,True,True,site+catalogo+pdf
I12-TWS,I12,grupo_d_revisao_manual,provavel,True,True,False,False,True,Alias provavel por variante/sufixo; exige revisao manual.,Fone de ouvido sem fio i12 branco,UNITARIO,https://rocglobeaztnwwuhefel.supabase.co/storage/v1/object/public/images/products/1775073405094-1pf8p8m.webp,/imported-product-images-clean/i12(马卡龙).png,i12(马卡龙).png,i12(马卡龙),1,True,True,site+catalogo+pdf
I7MINI,I7MINI,grupo_b_vincular_imagem,exato,True,True,False,True,False,SKU identico no catalogo e no site.,Fone de Ouvido i7mini,CAIXA_FECHADA,produto_p15_img4.jpg,/imported-product-images-clean/i7mini.png,i7mini.png,i7mini,1,True,True,site+catalogo+pdf
I7S,I7S,grupo_b_vincular_imagem,exato,True,True,False,True,False,SKU identico no catalogo e no site.,Fone de Ouvido i7s,CAIXA_FECHADA,produto_p15_img8.jpg,/imported-product-images-clean/i7s(马卡龙黑色).png,i7s(马卡龙黑色).png,i7s(马卡龙黑色）,1,True,True,site+catalogo+pdf
I9S,I9S,grupo_b_vincular_imagem,exato,True,True,False,True,False,SKU identico no catalogo e no site.,Fone de Ouvido i9s,CAIXA_FECHADA,produto_p15_img3.jpg,/imported-product-images-clean/i9s.png,i9s.png,i9s,1,True,True,site+catalogo+pdf
J-60,,grupo_d_revisao_manual,sem_match,False,True,False,False,True,SKU do site sem correspondencia segura no catalogo/imagens.,Fone Bluetooth J-60,UNITARIO,https://rocglobeaztnwwuhefel.supabase.co/storage/v1/object/public/images/products/1774804182765-jqyv1.jpg,,,,0,False,False,site
J-60-A,J-60-A,grupo_b_vincular_imagem,exato,True,True,False,True,False,SKU identico no catalogo e no site.,Fone de Ouvido J-60 A,CAIXA_FECHADA,produto_p18_img9.jpg,/imported-product-images-clean/J-60_A款.png,J-60_A款.png,J-60 A款,1,True,True,site+catalogo+pdf
J-60-AIR31,J-60-AIR31,grupo_b_vincular_imagem,exato,True,True,False,True,False,SKU identico no catalogo e no site.,Fone de Ouvido J-60 AIR31,CAIXA_FECHADA,produto_p18_img7.jpg,/imported-product-images-clean/J-60(AIR31).png,J-60(AIR31).png,J-60(AIR31),1,True,True,site+catalogo+pdf
J-60-AIR39,J-60-AIR-39,grupo_b_vincular_imagem,normalizado,True,True,False,True,False,Correspondencia deterministica por alias seguro.,Fone de Ouvido J-60 AIR39,CAIXA_FECHADA,produto_p18_img8.jpg,/imported-product-images-clean/J-60(AIR_39款).png,J-60(AIR_39款).png,J-60(AIR 39款）,1,True,True,site+catalogo+pdf
J-60-D,J-60-D,grupo_b_vincular_imagem,exato,True,True,False,True,False,SKU identico no catalogo e no site.,Fone de Ouvido J-60 D,CAIXA_FECHADA,produto_p18_img10.jpg,/imported-product-images-clean/J-60_D款.png,J-60_D款.png,J-60 D款,1,True,True,site+catalogo+pdf
J-60-G,J-60-G,grupo_b_vincular_imagem,exato,True,True,False,True,False,SKU identico no catalogo e no site.,Fone de Ouvido J-60 G,CAIXA_FECHADA,produto_p16_img8.jpg,/imported-product-images-clean/J-60_G款.png,J-60_G款.png,J-60 G款,1,True,True,site+catalogo+pdf
J-60-L,J-60-L,grupo_b_vincular_imagem,exato,True,True,False,True,False,SKU identico no catalogo e no site.,Fone de Ouvido J-60 L,CAIXA_FECHADA,produto_p19_img1.jpg,/imported-product-images-clean/J-60_L款.png,J-60_L款.png,J-60 L款,1,True,True,site+catalogo+pdf
J-60-P,J-60-P,grupo_b_vincular_imagem,exato,True,True,False,True,False,SKU identico no catalogo e no site.,Fone de Ouvido J-60 P,CAIXA_FECHADA,produto_p17_img2.jpg,/imported-product-images-clean/J-60_P款.png,J-60_P款.png,J-60 P款,1,True,True,site+catalogo+pdf
J-60-R,J-60-R,grupo_b_vincular_imagem,exato,True,True,False,True,False,SKU identico no catalogo e no site.,Fone de Ouvido Touch J-60 R,CAIXA_FECHADA,produto_p19_img2.jpg,/imported-product-images-clean/J-60_R款.png,J-60_R款.png,J-60 R款,1,True,True,site+catalogo+pdf
J-60-U,J-60-U,grupo_b_vincular_imagem,exato,True,True,False,True,False,SKU identico no catalogo e no site.,Fone de Ouvido Gamer J-60 U,CAIXA_FECHADA,produto_p2_img5.jpg,/imported-product-images-clean/J-60_U款.png,J-60_U款.png,J-60 U款,2,True,True,site+catalogo+pdf
J-60-Y,J-60-Y,grupo_b_vincular_imagem,exato,True,True,False,True,False,SKU identico no catalogo e no site.,Fone de Ouvido J-60 Y com Powerbank,CAIXA_FECHADA,produto_p17_img3.jpg,/imported-product-images-clean/J-60_Y款.png,J-60_Y款.png,J-60 Y款,1,True,True,site+catalogo+pdf
J-70-PRO-B,J-70-PRO-B,grupo_b_vincular_imagem,exato,True,True,False,True,False,SKU identico no catalogo e no site.,Fone de Ouvido Esportivo J-70 PRO B,CAIXA_FECHADA,produto_p2_img9.jpg,/imported-product-images-clean/J-70_PRO_B款.png,J-70_PRO_B款.png,J-70 PRO B款,2,True,True,site+catalogo+pdf
J-70-PRO-B-2,J-70-PRO-B,grupo_d_revisao_manual,provavel,True,True,False,False,True,Alias provavel por variante/sufixo; exige revisao manual.,Fone de Ouvido Esportivo J-70 PRO B,CAIXA_FECHADA,produto_p19_img3.jpg,/imported-product-images-clean/J-70_PRO_B款.png,J-70_PRO_B款.png,J-70 PRO B款,2,True,True,site+catalogo+pdf
J-80-PRO,J-80-PRO,grupo_b_vincular_imagem,exato,True,True,False,True,False,SKU identico no catalogo e no site.,Fone de Ouvido Bluetooth J-80 PRO,CAIXA_FECHADA,produto_p19_img4.jpg,/imported-product-images-clean/J-80_PRO.png,J-80_PRO.png,J-80 PRO,1,True,True,site+catalogo+pdf
J-85-PRO,J-85-PRO,grupo_b_vincular_imagem,exato,True,True,False,True,False,SKU identico no catalogo e no site.,Fone de Ouvido Bluetooth J-85 PRO,CAIXA_FECHADA,https://rocglobeaztnwwuhefel.supabase.co/storage/v1/object/public/images/products/1775399393051-v5mleu.png,/imported-product-images-clean/J-85_PRO.png,J-85_PRO.png,J-85 PRO,1,True,True,site+catalogo+pdf
J-88-PRO,J-88-PRO,grupo_b_vincular_imagem,exato,True,True,False,True,False,SKU identico no catalogo e no site.,Fone de Ouvido Gamer J-88 PRO,CAIXA_FECHADA,https://rocglobeaztnwwuhefel.supabase.co/storage/v1/object/public/images/products/1775399325991-pt6m7t.png,/imported-product-images-clean/J-88_PRO.png,J-88_PRO.png,J-88 PRO,1,True,True,site+catalogo+pdf
J-99-PRO,J-99-PRO,grupo_b_vincular_imagem,exato,True,True,False,True,False,SKU identico no catalogo e no site.,Fone de Ouvido Bluetooth J-99 PRO,CAIXA_FECHADA,produto_p3_img1.jpg,/imported-product-images-clean/J-99_PRO.png,J-99_PRO.png,J-99 PRO,1,True,True,site+catalogo+pdf
J930,J930,grupo_b_vincular_imagem,exato,True,True,False,True,False,SKU identico no catalogo e no site.,Fone de Ouvido J930,CAIXA_FECHADA,produto_p16_img3.jpg,/imported-product-images-clean/J930.png,J930.png,J930,1,True,True,site+catalogo+pdf
J940,J940,grupo_b_vincular_imagem,exato,True,True,False,True,False,SKU identico no catalogo e no site.,Fone de Ouvido J940,CAIXA_FECHADA,produto_p16_img6.jpg,/imported-product-images-clean/J940.png,J940.png,J940,1,True,True,site+catalogo+pdf
JD-107,JD-107,grupo_b_vincular_imagem,exato,True,True,False,True,False,SKU identico no catalogo e no site.,Rádio Bluetooth JD-107,CAIXA_FECHADA,produto_p10_img2.jpg,/imported-product-images-clean/JD-107.png,JD-107.png,JD-107,2,True,True,site+catalogo+pdf
JD-108,JD-108,grupo_b_vincular_imagem,exato,True,True,False,True,False,SKU identico no catalogo e no site.,Rádio Clássico JD-108,CAIXA_FECHADA,produto_p10_img3.jpg,/imported-product-images-clean/JD-108.png,JD-108.png,JD-108,1,True,True,site+catalogo+pdf
JD-30,JD-30,grupo_b_vincular_imagem,exato,True,True,False,True,False,SKU identico no catalogo e no site.,Rádio Bluetooth JD-30,CAIXA_FECHADA,produto_p11_img9.jpg,/imported-product-images-clean/JD-30.png,JD-30.png,JD-30,1,True,True,site+catalogo+pdf
JD-31,JD-31,grupo_b_vincular_imagem,exato,True,True,False,True,False,SKU identico no catalogo e no site.,Rádio Bluetooth JD-31,CAIXA_FECHADA,produto_p11_img10.jpg,/imported-product-images-clean/JD-31.png,JD-31.png,JD-31,1,True,True,site+catalogo+pdf
JD-32,JD-32,grupo_b_vincular_imagem,exato,True,True,False,True,False,SKU identico no catalogo e no site.,Rádio Bluetooth JD-32,CAIXA_FECHADA,produto_p12_img1.jpg,/imported-product-images-clean/JD-32.png,JD-32.png,JD-32,1,True,True,site+catalogo+pdf
JD-35,JD-35,grupo_b_vincular_imagem,exato,True,True,False,True,False,SKU identico no catalogo e no site.,Rádio Bluetooth JD-35,CAIXA_FECHADA,produto_p12_img2.jpg,/imported-product-images-clean/JD-35.png,JD-35.png,JD-35,1,True,True,site+catalogo+pdf
K9-IP-2IN1,,grupo_d_revisao_manual,sem_match,False,True,False,False,True,SKU do site sem correspondencia segura no catalogo/imagens.,Microfone K9-IP-2IN1,UNITARIO,https://rocglobeaztnwwuhefel.supabase.co/storage/v1/object/public/images/products/1774804160989-idfyj.jpeg,,,,0,False,False,site
K98,K98,grupo_b_vincular_imagem,exato,True,True,False,True,False,SKU identico no catalogo e no site.,Fone de Ouvido K98 com Powerbank,CAIXA_FECHADA,produto_p17_img4.jpg,/imported-product-images-clean/K98.png,K98.png,K98,1,True,True,site+catalogo+pdf
LYF-01,LYF-01,grupo_b_vincular_imagem,exato,True,True,False,True,False,SKU identico no catalogo e no site.,Garrafa Térmica LYF-01,CAIXA_FECHADA,produto_p7_img3.jpg,/imported-product-images-clean/LYF-01.png,LYF-01.png,LYF-01,1,True,True,site+catalogo+pdf
LYF-02,LYF-02,grupo_b_vincular_imagem,exato,True,True,False,True,False,SKU identico no catalogo e no site.,Garrafa Térmica 1250ml LYF-02,CAIXA_FECHADA,produto_p7_img4.jpg,/imported-product-images-clean/LYF-02.png,LYF-02.png,LYF-02,1,True,True,site+catalogo+pdf
LYF-03,LYF-03,grupo_b_vincular_imagem,exato,True,True,False,True,False,SKU identico no catalogo e no site.,Garrafa Térmica LYF-03,CAIXA_FECHADA,produto_p7_img5.jpg,/imported-product-images-clean/LYF-03.png,LYF-03.png,LYF-03,1,True,True,site+catalogo+pdf
LYF-05,LYF-05,grupo_b_vincular_imagem,exato,True,True,False,True,False,SKU identico no catalogo e no site.,Garrafa Térmica LYF-05,CAIXA_FECHADA,produto_p7_img6.jpg,/imported-product-images-clean/LYF-05.png,LYF-05.png,LYF-05,1,True,True,site+catalogo+pdf
LYF-10,LYF-10,grupo_b_vincular_imagem,exato,True,True,False,True,False,SKU identico no catalogo e no site.,Garrafa Térmica 1250ml LYF-10,CAIXA_FECHADA,produto_p7_img7.jpg,/imported-product-images-clean/LYF-10.png,LYF-10.png,LYF-10,1,True,True,site+catalogo+pdf
LYF-14,LYF-14,grupo_b_vincular_imagem,exato,True,True,False,True,False,SKU identico no catalogo e no site.,Garrafa Térmica 1000ml LYF-14,CAIXA_FECHADA,produto_p7_img8.jpg,/imported-product-images-clean/LYF-14.png,LYF-14.png,LYF-14,1,True,True,site+catalogo+pdf
LYF-15,LYF-15,grupo_b_vincular_imagem,exato,True,True,False,True,False,SKU identico no catalogo e no site.,Garrafa Térmica 1250ml LYF-15,CAIXA_FECHADA,produto_p7_img9.jpg,/imported-product-images-clean/LYF-15.png,LYF-15.png,LYF-15,1,True,True,site+catalogo+pdf
LYF-20,LYF-20,grupo_b_vincular_imagem,exato,True,True,False,True,False,SKU identico no catalogo e no site.,Garrafa Térmica 1200ml LYF-20,CAIXA_FECHADA,produto_p8_img1.jpg,/imported-product-images-clean/LYF-20.png,LYF-20.png,LYF-20,1,True,True,site+catalogo+pdf
M-10,A-607-M10,grupo_d_revisao_manual,provavel,True,True,False,False,True,Alias provavel por variante/sufixo; exige revisao manual.,FONE DE OUVIDO M10,UNITARIO,https://rocglobeaztnwwuhefel.supabase.co/storage/v1/object/public/images/products/1774802865775-z00fi5.jpg,/imported-product-images-clean/A-607(M10).png,A-607(M10).png,A-607(M10),1,True,True,site+catalogo+pdf
M-303,M-303,grupo_b_vincular_imagem,exato,True,True,False,True,False,SKU identico no catalogo e no site.,Microfone M-303,CAIXA_FECHADA,produto_p4_img4.jpg,/imported-product-images-clean/M-303.png,M-303.png,M-303,1,True,True,site+catalogo+pdf
RS13,RS13,grupo_b_vincular_imagem,exato,True,True,False,True,False,SKU identico no catalogo e no site.,Fone de Ouvido RS13,CAIXA_FECHADA,produto_p17_img6.jpg,/imported-product-images-clean/RS13.png,RS13.png,RS13,1,True,True,site+catalogo+pdf
RS15,RS15,grupo_b_vincular_imagem,exato,True,True,False,True,False,SKU identico no catalogo e no site.,Fone de Ouvido RS15,CAIXA_FECHADA,produto_p17_img7.jpg,/imported-product-images-clean/RS15.png,RS15.png,RS15,1,True,True,site+catalogo+pdf
S20,S20,grupo_b_vincular_imagem,exato,True,True,False,True,False,SKU identico no catalogo e no site.,Fone de Ouvido S20,CAIXA_FECHADA,produto_p14_img9.jpg,/imported-product-images-clean/S20.png,S20.png,S20,1,True,True,site+catalogo+pdf
S6,S6,grupo_b_vincular_imagem,exato,True,True,False,True,False,SKU identico no catalogo e no site.,Fone de Ouvido Bluetooth S6,CAIXA_FECHADA,produto_p13_img2.jpg,/imported-product-images-clean/S6蓝牙耳机.png,S6蓝牙耳机.png,S6蓝牙耳机,1,True,True,site+catalogo+pdf
U60,U60,grupo_b_vincular_imagem,exato,True,True,False,True,False,SKU identico no catalogo e no site.,Fone de Ouvido U60,CAIXA_FECHADA,produto_p16_img4.jpg,/imported-product-images-clean/U60.png,U60.png,U60,1,True,True,site+catalogo+pdf
,AJ-3452,grupo_c_cadastrar,sem_match,True,False,True,False,False,SKU do catalogo nao encontrado no site publico.,,,,/imported-product-images-clean/AJ-3452.png,AJ-3452.png,AJ-3452,1,True,True,catalogo+pdf
,AJ-3453,grupo_c_cadastrar,sem_match,True,False,True,False,False,SKU do catalogo nao encontrado no site publico.,,,,/imported-product-images-clean/AJ-3453.png,AJ-3453.png,AJ-3453,1,True,True,catalogo+pdf
,AL-1010,grupo_c_cadastrar,sem_match,True,False,True,False,False,SKU do catalogo nao encontrado no site publico.,,,,/imported-product-images-clean/AL-1010.png,AL-1010.png,AL-1010,1,True,True,catalogo+pdf
,AL-2659,grupo_c_cadastrar,sem_match,True,False,True,False,False,SKU do catalogo nao encontrado no site publico.,,,,/imported-product-images-clean/AL-2659.png,AL-2659.png,AL-2659,1,True,True,catalogo+pdf
,AL-A155,grupo_c_cadastrar,sem_match,True,False,True,False,False,SKU do catalogo nao encontrado no site publico.,,,,/imported-product-images-clean/AL-A155.png,AL-A155.png,AL-A155,1,True,True,catalogo+pdf
,AL-A230,grupo_c_cadastrar,sem_match,True,False,True,False,False,SKU do catalogo nao encontrado no site publico.,,,,/imported-product-images-clean/AL-A230.png,AL-A230.png,AL-A230,1,True,True,catalogo+pdf
,AL-C223,grupo_c_cadastrar,sem_match,True,False,True,False,False,SKU do catalogo nao encontrado no site publico.,,,,/imported-product-images-clean/AL-C223.png,AL-C223.png,AL-C223,1,True,True,catalogo+pdf
,AL-D890,grupo_c_cadastrar,sem_match,True,False,True,False,False,SKU do catalogo nao encontrado no site publico.,,,,/imported-product-images-clean/AL-D890_C款.png,AL-D890_C款.png,AL-D890 C款,1,True,True,catalogo+pdf
,AL-S380,grupo_c_cadastrar,sem_match,True,False,True,False,False,SKU do catalogo nao encontrado no site publico.,,,,/imported-product-images-clean/AL-S380.png,AL-S380.png,AL-S380,1,True,True,catalogo+pdf
,AU-4U,grupo_c_cadastrar,sem_match,True,False,True,False,False,SKU do catalogo nao encontrado no site publico.,,,,/imported-product-images-clean/AU-4U.png,AU-4U.png,AU-4U,1,True,True,catalogo+pdf
,PN-951,grupo_c_cadastrar,sem_match,True,False,True,False,False,SKU do catalogo nao encontrado no site publico.,,,,/imported-product-images-clean/PN-951.png,PN-951.png,PN-951,1,True,True,catalogo+pdf
,PN-952,grupo_c_cadastrar,sem_match,True,False,True,False,False,SKU do catalogo nao encontrado no site publico.,,,,/imported-product-images-clean/PN-952.png,PN-952.png,PN-952,1,True,True,catalogo+pdf
,T10,grupo_c_cadastrar,sem_match,True,False,True,False,False,SKU do catalogo nao encontrado no site publico.,,,,/imported-product-images-clean/T10.png,T10.png,T10,1,True,True,catalogo+pdf
,T11,grupo_c_cadastrar,sem_match,True,False,True,False,False,SKU do catalogo nao encontrado no site publico.,,,,/imported-product-images-clean/T11.png,T11.png,T11,1,True,True,catalogo+pdf
,TX04,grupo_c_cadastrar,sem_match,True,False,True,False,False,SKU do catalogo nao encontrado no site publico.,,,,/imported-product-images-clean/TX04.png,TX04.png,TX04,1,True,True,catalogo+pdf
,ZQ-01,grupo_c_cadastrar,sem_match,True,False,True,False,False,SKU do catalogo nao encontrado no site publico.,,,,/imported-product-images-clean/ZQ-01.png,ZQ-01.png,ZQ-01,1,True,True,catalogo+pdf
